timestamp,symbol,price,volume,bid,ask,bid_qty,ask_qty
2025-10-22T00:30:00,BTCUSDT,111780.39,583.46835,111769.211961,111791.568039,1.0,1.0
2025-10-22T01:30:00,BTCUSDT,110787.56,1166.16267,110776.481244,110798.638756,1.0,1.0
2025-10-22T02:30:00,BTCUSDT,110816.32,986.90737,110805.238368,110827.40163200001,1.0,1.0
2025-10-22T03:30:00,BTCUSDT,109066.98,2484.48697,109056.073302,109077.88669799999,1.0,1.0
2025-10-22T04:30:00,BTCUSDT,108297.67,1531.00726,108286.840233,108308.499767,1.0,1.0
2025-10-22T05:30:00,BTCUSDT,107986.14,1537.60176,107975.341386,107996.938614,1.0,1.0
2025-10-22T06:30:00,BTCUSDT,108364.21,1493.26761,108353.373579,108375.046421,1.0,1.0
2025-10-22T07:30:00,BTCUSDT,108198.85,699.65823,108188.030115,108209.66988500001,1.0,1.0
2025-10-22T08:30:00,BTCUSDT,108216.02,1121.03699,108205.19839800001,108226.841602,1.0,1.0
2025-10-22T09:30:00,BTCUSDT,108625.6,696.45277,108614.73744000001,108636.46256,1.0,1.0
2025-10-22T10:30:00,BTCUSDT,108166.81,1434.44211,108155.993319,108177.626681,1.0,1.0
2025-10-22T11:30:00,BTCUSDT,107980.02,675.25677,107969.22199800001,107990.818002,1.0,1.0
2025-10-22T12:30:00,BTCUSDT,108321.63,1077.00799,108310.797837,108332.462163,1.0,1.0
2025-10-22T13:30:00,BTCUSDT,108229.3,505.66169,108218.47707000001,108240.12293,1.0,1.0
2025-10-22T14:30:00,BTCUSDT,107963.13,557.31037,107952.333687,107973.926313,1.0,1.0
2025-10-22T15:30:00,BTCUSDT,107657.98,497.00462,107647.214202,107668.74579799999,1.0,1.0
2025-10-22T16:30:00,BTCUSDT,107555.05,2452.68318,107544.29449500001,107565.805505,1.0,1.0
2025-10-22T17:30:00,BTCUSDT,108044.96,841.76229,108034.15550400001,108055.764496,1.0,1.0
2025-10-22T18:30:00,BTCUSDT,108783.36,1889.17586,108772.481664,108794.238336,1.0,1.0
2025-10-22T19:30:00,BTCUSDT,108947.5,3240.71769,108936.60525000001,108958.39474999999,1.0,1.0
2025-10-22T20:30:00,BTCUSDT,108416.5,1954.01743,108405.65835,108427.34165,1.0,1.0
2025-10-22T21:30:00,BTCUSDT,108226.0,1590.12287,108215.1774,108236.8226,1.0,1.0
2025-10-22T22:30:00,BTCUSDT,107778.45,913.68528,107767.672155,107789.227845,1.0,1.0
2025-10-22T23:30:00,BTCUSDT,108023.33,668.80381,108012.527667,108034.132333,1.0,1.0
2025-10-23T00:30:00,BTCUSDT,107870.35,835.44242,107859.562965,107881.137035,1.0,1.0
2025-10-23T01:30:00,BTCUSDT,107696.03,1003.6717,107685.260397,107706.79960299999,1.0,1.0
2025-10-23T02:30:00,BTCUSDT,107207.98,1548.13803,107197.259202,107218.70079799999,1.0,1.0
2025-10-23T03:30:00,BTCUSDT,107196.82,742.32871,107186.10031800001,107207.539682,1.0,1.0
2025-10-23T04:30:00,BTCUSDT,107567.44,635.53433,107556.683256,107578.196744,1.0,1.0
2025-10-23T05:30:00,BTCUSDT,107845.3,396.0602,107834.51547,107856.08453000001,1.0,1.0
2025-10-23T06:30:00,BTCUSDT,108150.0,1012.18554,108139.185,108160.815,1.0,1.0
2025-10-23T07:30:00,BTCUSDT,108410.29,360.75702,108399.44897099999,108421.131029,1.0,1.0
2025-10-23T08:30:00,BTCUSDT,108377.96,604.50041,108367.12220400001,108388.797796,1.0,1.0
2025-10-23T09:30:00,BTCUSDT,108644.32,394.82009,108633.455568,108655.18443200001,1.0,1.0
2025-10-23T10:30:00,BTCUSDT,108940.58,448.44483,108929.685942,108951.474058,1.0,1.0
2025-10-23T11:30:00,BTCUSDT,110246.94,1472.3024,110235.91530600001,110257.964694,1.0,1.0
2025-10-23T12:30:00,BTCUSDT,109269.9,999.21853,109258.97301,109280.82698999999,1.0,1.0
2025-10-23T13:30:00,BTCUSDT,109505.44,737.41671,109494.48945600001,109516.390544,1.0,1.0
2025-10-23T14:30:00,BTCUSDT,109426.99,503.07972,109416.04730100001,109437.932699,1.0,1.0
2025-10-23T15:30:00,BTCUSDT,109439.2,401.4903,109428.25607999999,109450.14392,1.0,1.0
2025-10-23T16:30:00,BTCUSDT,109253.89,562.0243,109242.964611,109264.815389,1.0,1.0
2025-10-23T17:30:00,BTCUSDT,109164.94,953.31213,109154.023506,109175.856494,1.0,1.0
2025-10-23T18:30:00,BTCUSDT,109500.62,1286.55668,109489.66993799999,109511.570062,1.0,1.0
2025-10-23T19:30:00,BTCUSDT,109594.9,1111.45274,109583.94051,109605.85948999999,1.0,1.0
2025-10-23T20:30:00,BTCUSDT,109908.28,933.2687,109897.289172,109919.270828,1.0,1.0
2025-10-23T21:30:00,BTCUSDT,110263.74,883.87893,110252.71362600001,110274.766374,1.0,1.0
2025-10-23T22:30:00,BTCUSDT,111241.71,1605.70962,111230.585829,111252.83417100001,1.0,1.0
2025-10-23T23:30:00,BTCUSDT,110571.66,761.73368,110560.602834,110582.717166,1.0,1.0
2025-10-24T00:30:00,BTCUSDT,110200.0,388.99846,110188.98,110211.02,1.0,1.0
2025-10-24T01:30:00,BTCUSDT,109524.81,629.20848,109513.857519,109535.762481,1.0,1.0
2025-10-24T02:30:00,BTCUSDT,109532.97,424.08473,109522.016703,109543.923297,1.0,1.0
2025-10-24T03:30:00,BTCUSDT,109943.94,443.21336,109932.94560600001,109954.934394,1.0,1.0
2025-10-24T04:30:00,BTCUSDT,110078.18,259.37538,110067.172182,110089.18781799999,1.0,1.0
2025-10-24T05:30:00,BTCUSDT,110500.28,531.07612,110489.229972,110511.330028,1.0,1.0
2025-10-24T06:30:00,BTCUSDT,110585.08,371.9999,110574.021492,110596.138508,1.0,1.0
2025-10-24T07:30:00,BTCUSDT,110570.12,303.69215,110559.06298799999,110581.177012,1.0,1.0
2025-10-24T08:30:00,BTCUSDT,110441.46,332.11629,110430.415854,110452.504146,1.0,1.0
2025-10-24T09:30:00,BTCUSDT,111178.55,958.63918,111167.432145,111189.667855,1.0,1.0
2025-10-24T10:30:00,BTCUSDT,111261.36,515.30958,111250.23386400001,111272.48613599999,1.0,1.0
2025-10-24T11:30:00,BTCUSDT,111464.36,480.6909,111453.213564,111475.506436,1.0,1.0
2025-10-24T12:30:00,BTCUSDT,111054.61,750.55477,111043.504539,111065.715461,1.0,1.0
2025-10-24T13:30:00,BTCUSDT,111097.8,627.57826,111086.69022,111108.90978,1.0,1.0
2025-10-24T14:30:00,BTCUSDT,111324.51,446.13074,111313.377549,111335.64245099999,1.0,1.0
2025-10-24T15:30:00,BTCUSDT,111114.03,346.40996,111102.918597,111125.141403,1.0,1.0
2025-10-24T16:30:00,BTCUSDT,111066.29,561.52762,111055.18337099999,111077.396629,1.0,1.0
2025-10-24T17:30:00,BTCUSDT,111297.01,1692.92113,111285.880299,111308.139701,1.0,1.0
2025-10-24T18:30:00,BTCUSDT,110937.94,1200.08389,110926.846206,110949.033794,1.0,1.0
2025-10-24T19:30:00,BTCUSDT,110219.17,1902.54077,110208.148083,110230.191917,1.0,1.0
2025-10-24T20:30:00,BTCUSDT,110046.91,737.57678,110035.90530900001,110057.914691,1.0,1.0
2025-10-24T21:30:00,BTCUSDT,110261.81,441.40283,110250.783819,110272.83618099999,1.0,1.0
2025-10-24T22:30:00,BTCUSDT,110235.22,368.64619,110224.196478,110246.243522,1.0,1.0
2025-10-24T23:30:00,BTCUSDT,110619.39,336.10914,110608.32806100001,110630.45193899999,1.0,1.0
2025-10-25T00:30:00,BTCUSDT,110615.07,323.90966,110604.008493,110626.13150700001,1.0,1.0
2025-10-25T01:30:00,BTCUSDT,110893.7,514.0647,110882.61063,110904.78937,1.0,1.0
2025-10-25T02:30:00,BTCUSDT,111085.57,915.59401,111074.46144300001,111096.678557,1.0,1.0
2025-10-25T03:30:00,BTCUSDT,111023.01,203.9224,111011.907699,111034.11230099999,1.0,1.0
2025-10-25T04:30:00,BTCUSDT,111004.89,142.67216,110993.789511,111015.990489,1.0,1.0
2025-10-25T05:30:00,BTCUSDT,110766.6,210.6583,110755.52334000001,110777.67666,1.0,1.0
2025-10-25T06:30:00,BTCUSDT,111070.31,235.37952,111059.202969,111081.41703099999,1.0,1.0
2025-10-25T07:30:00,BTCUSDT,111025.77,134.00021,111014.667423,111036.872577,1.0,1.0
2025-10-25T08:30:00,BTCUSDT,111029.99,249.3111,111018.88700100001,111041.092999,1.0,1.0
2025-10-25T09:30:00,BTCUSDT,111228.0,411.01306,111216.8772,111239.1228,1.0,1.0
2025-10-25T10:30:00,BTCUSDT,111386.79,235.19046,111375.651321,111397.92867899999,1.0,1.0
2025-10-25T11:30:00,BTCUSDT,111366.42,334.48878,111355.283358,111377.556642,1.0,1.0
2025-10-25T12:30:00,BTCUSDT,111489.6,436.39799,111478.45104,111500.74896000001,1.0,1.0
2025-10-25T13:30:00,BTCUSDT,111763.8,348.94057,111752.62362,111774.97638000001,1.0,1.0
2025-10-25T14:30:00,BTCUSDT,111521.47,474.02907,111510.317853,111532.622147,1.0,1.0
2025-10-25T15:30:00,BTCUSDT,111559.94,382.43284,111548.784006,111571.095994,1.0,1.0
2025-10-25T16:30:00,BTCUSDT,111563.81,172.78406,111552.653619,111574.96638099999,1.0,1.0
2025-10-25T17:30:00,BTCUSDT,111899.03,363.41104,111887.840097,111910.219903,1.0,1.0
2025-10-25T18:30:00,BTCUSDT,111680.91,355.08597,111669.741909,111692.078091,1.0,1.0
2025-10-25T19:30:00,BTCUSDT,111591.19,216.60101,111580.030881,111602.349119,1.0,1.0
2025-10-25T20:30:00,BTCUSDT,111385.18,318.98695,111374.041482,111396.31851799999,1.0,1.0
2025-10-25T21:30:00,BTCUSDT,111372.25,430.41077,111361.112775,111383.387225,1.0,1.0
2025-10-25T22:30:00,BTCUSDT,111374.96,134.57742,111363.82250400001,111386.097496,1.0,1.0
2025-10-25T23:30:00,BTCUSDT,111719.98,227.92326,111708.80800199999,111731.151998,1.0,1.0
2025-10-26T00:30:00,BTCUSDT,111623.45,170.60799,111612.287655,111634.612345,1.0,1.0
2025-10-26T01:30:00,BTCUSDT,111431.94,154.33849,111420.796806,111443.083194,1.0,1.0
2025-10-26T02:30:00,BTCUSDT,111477.76,133.46965,111466.612224,111488.907776,1.0,1.0
2025-10-26T03:30:00,BTCUSDT,111621.69,159.63737,111610.527831,111632.852169,1.0,1.0
2025-10-26T04:30:00,BTCUSDT,111646.27,118.29276,111635.105373,111657.43462700001,1.0,1.0
2025-10-26T05:30:00,BTCUSDT,111715.98,370.92714,111704.808402,111727.151598,1.0,1.0
2025-10-26T06:30:00,BTCUSDT,111644.42,270.69687,111633.255558,111655.58444199999,1.0,1.0
2025-10-26T07:30:00,BTCUSDT,111448.85,214.46307,111437.705115,111459.99488500001,1.0,1.0
2025-10-26T08:30:00,BTCUSDT,111260.46,170.69475,111249.333954,111271.58604600001,1.0,1.0
2025-10-26T09:30:00,BTCUSDT,111430.4,129.38461,111419.25696,111441.54303999999,1.0,1.0
2025-10-26T10:30:00,BTCUSDT,111615.32,209.94274,111604.15846800001,111626.481532,1.0,1.0
2025-10-26T11:30:00,BTCUSDT,111635.95,156.20448,111624.78640499999,111647.113595,1.0,1.0
2025-10-26T12:30:00,BTCUSDT,111723.98,169.97811,111712.807602,111735.15239799999,1.0,1.0
2025-10-26T13:30:00,BTCUSDT,111776.94,240.40616,111765.762306,111788.117694,1.0,1.0
2025-10-26T14:30:00,BTCUSDT,112528.83,1330.29795,112517.57711700001,112540.082883,1.0,1.0
2025-10-26T15:30:00,BTCUSDT,112477.1,337.77399,112465.85229000001,112488.34771,1.0,1.0
2025-10-26T16:30:00,BTCUSDT,113286.09,1079.09408,113274.761391,113297.418609,1.0,1.0
2025-10-26T17:30:00,BTCUSDT,113575.05,1229.55057,113563.69249500001,113586.407505,1.0,1.0
2025-10-26T18:30:00,BTCUSDT,113711.53,1099.62143,113700.158847,113722.901153,1.0,1.0
2025-10-26T19:30:00,BTCUSDT,113575.36,739.58798,113564.002464,113586.717536,1.0,1.0
2025-10-26T20:30:00,BTCUSDT,113694.97,437.55153,113683.60050300001,113706.339497,1.0,1.0
2025-10-26T21:30:00,BTCUSDT,113517.53,556.71599,113506.178247,113528.881753,1.0,1.0
2025-10-26T22:30:00,BTCUSDT,113442.13,319.42533,113430.785787,113453.47421300001,1.0,1.0
2025-10-26T23:30:00,BTCUSDT,113575.15,279.3019,113563.792485,113586.50751499999,1.0,1.0
2025-10-27T00:30:00,BTCUSDT,113585.99,204.67267,113574.631401,113597.348599,1.0,1.0
2025-10-27T01:30:00,BTCUSDT,113320.8,248.1548,113309.46792000001,113332.13208,1.0,1.0
2025-10-27T02:30:00,BTCUSDT,113497.06,464.11186,113485.710294,113508.40970599999,1.0,1.0
2025-10-27T03:30:00,BTCUSDT,114681.33,2524.96249,114669.861867,114692.798133,1.0,1.0
2025-10-27T04:30:00,BTCUSDT,114559.4,670.95687,114547.94406,114570.85594,1.0,1.0
2025-10-27T05:30:00,BTCUSDT,114767.29,1142.27258,114755.81327099999,114778.766729,1.0,1.0
2025-10-27T06:30:00,BTCUSDT,115284.01,725.93495,115272.48159899999,115295.538401,1.0,1.0
2025-10-27T07:30:00,BTCUSDT,114883.39,826.25748,114871.901661,114894.878339,1.0,1.0
2025-10-27T08:30:00,BTCUSDT,114958.51,587.18766,114947.014149,114970.005851,1.0,1.0
2025-10-27T09:30:00,BTCUSDT,115256.44,400.40691,115244.91435600001,115267.965644,1.0,1.0
2025-10-27T10:30:00,BTCUSDT,115556.57,828.01463,115545.014343,115568.12565700001,1.0,1.0
2025-10-27T11:30:00,BTCUSDT,116053.49,1794.85942,116041.884651,116065.09534900001,1.0,1.0
2025-10-27T12:30:00,BTCUSDT,115554.6,2455.66454,115543.04454,115566.15546000001,1.0,1.0
2025-10-27T13:30:00,BTCUSDT,115014.88,1249.66033,115003.37851200001,115026.381488,1.0,1.0
2025-10-27T14:30:00,BTCUSDT,115254.01,1148.54888,115242.484599,115265.53540099999,1.0,1.0
2025-10-27T15:30:00,BTCUSDT,115447.94,557.73562,115436.395206,115459.484794,1.0,1.0
2025-10-27T16:30:00,BTCUSDT,115362.02,745.97843,115350.483798,115373.556202,1.0,1.0
2025-10-27T17:30:00,BTCUSDT,115065.67,1172.23501,115054.163433,115077.176567,1.0,1.0
2025-10-27T18:30:00,BTCUSDT,115264.28,1010.17279,115252.753572,115275.806428,1.0,1.0
2025-10-27T19:30:00,BTCUSDT,114810.05,987.16577,114798.56899500001,114821.531005,1.0,1.0
2025-10-27T20:30:00,BTCUSDT,114969.68,1323.86576,114958.183032,114981.17696799999,1.0,1.0
2025-10-27T21:30:00,BTCUSDT,115497.57,818.25063,115486.020243,115509.11975700001,1.0,1.0
2025-10-27T22:30:00,BTCUSDT,115706.06,442.08673,115694.489394,115717.63060599999,1.0,1.0
2025-10-27T23:30:00,BTCUSDT,115342.19,400.61809,115330.65578100001,115353.724219,1.0,1.0
2025-10-28T00:30:00,BTCUSDT,114942.64,597.25209,114931.145736,114954.134264,1.0,1.0
2025-10-28T01:30:00,BTCUSDT,114455.17,550.98109,114443.724483,114466.615517,1.0,1.0
2025-10-28T02:30:00,BTCUSDT,114302.7,494.80813,114291.26973,114314.13027,1.0,1.0
2025-10-28T03:30:00,BTCUSDT,114112.51,475.05268,114101.098749,114123.92125099999,1.0,1.0
2025-10-28T04:30:00,BTCUSDT,114107.65,715.22221,114096.239235,114119.06076499999,1.0,1.0
2025-10-28T05:30:00,BTCUSDT,113961.67,554.9177,113950.273833,113973.066167,1.0,1.0
2025-10-28T06:30:00,BTCUSDT,114424.76,485.50547,114413.317524,114436.20247599999,1.0,1.0
2025-10-28T07:30:00,BTCUSDT,113936.94,686.4219,113925.546306,113948.333694,1.0,1.0
2025-10-28T08:30:00,BTCUSDT,113908.24,457.29772,113896.849176,113919.630824,1.0,1.0
2025-10-28T09:30:00,BTCUSDT,113964.59,440.12507,113953.193541,113975.98645899999,1.0,1.0
2025-10-28T10:30:00,BTCUSDT,113605.31,628.71639,113593.949469,113616.670531,1.0,1.0
2025-10-28T11:30:00,BTCUSDT,114115.52,542.51916,114104.108448,114126.93155200001,1.0,1.0
2025-10-28T12:30:00,BTCUSDT,114188.37,579.31808,114176.95116299999,114199.788837,1.0,1.0
2025-10-28T13:30:00,BTCUSDT,114427.23,307.52828,114415.787277,114438.672723,1.0,1.0
2025-10-28T14:30:00,BTCUSDT,114528.6,373.30544,114517.14714,114540.05286000001,1.0,1.0
2025-10-28T15:30:00,BTCUSDT,114595.71,230.0126,114584.250429,114607.169571,1.0,1.0
2025-10-28T16:30:00,BTCUSDT,114357.73,326.08736,114346.29422699999,114369.165773,1.0,1.0
2025-10-28T17:30:00,BTCUSDT,114449.55,421.93096,114438.105045,114460.994955,1.0,1.0
2025-10-28T18:30:00,BTCUSDT,115522.9,1045.59275,115511.34771,115534.45228999999,1.0,1.0
2025-10-28T19:30:00,BTCUSDT,115068.17,1820.63839,115056.663183,115079.676817,1.0,1.0
2025-10-28T20:30:00,BTCUSDT,114641.38,720.35046,114629.91586200001,114652.844138,1.0,1.0
2025-10-28T21:30:00,BTCUSDT,115341.59,754.64859,115330.055841,115353.124159,1.0,1.0
2025-10-28T22:30:00,BTCUSDT,115290.0,436.8649,115278.471,115301.529,1.0,1.0
2025-10-28T23:30:00,BTCUSDT,115022.8,370.32321,115011.29772,115034.30228,1.0,1.0
2025-10-29T00:30:00,BTCUSDT,113689.99,1157.95866,113678.621001,113701.358999,1.0,1.0
2025-10-29T01:30:00,BTCUSDT,112808.05,1738.00789,112796.769195,112819.330805,1.0,1.0
2025-10-29T02:30:00,BTCUSDT,112994.4,726.23538,112983.10055999999,113005.69944,1.0,1.0
2025-10-29T03:30:00,BTCUSDT,113224.08,336.06989,113212.75759200001,113235.402408,1.0,1.0
2025-10-29T04:30:00,BTCUSDT,112898.45,383.04632,112887.160155,112909.73984499999,1.0,1.0
2025-10-29T05:30:00,BTCUSDT,112442.88,505.29871,112431.635712,112454.124288,1.0,1.0
2025-10-29T06:30:00,BTCUSDT,112500.03,916.66416,112488.779997,112511.28000299999,1.0,1.0
2025-10-29T07:30:00,BTCUSDT,112666.75,352.69724,112655.48332500001,112678.01667499999,1.0,1.0
2025-10-29T08:30:00,BTCUSDT,112523.49,301.5613,112512.237651,112534.74234900001,1.0,1.0
2025-10-29T09:30:00,BTCUSDT,112810.55,311.50456,112799.268945,112821.831055,1.0,1.0
2025-10-29T10:30:00,BTCUSDT,113039.1,640.93765,113027.79609,113050.40391000001,1.0,1.0
2025-10-29T11:30:00,BTCUSDT,113284.2,443.58086,113272.87157999999,113295.52842,1.0,1.0
2025-10-29T12:30:00,BTCUSDT,113577.9,640.61019,113566.54221,113589.25778999999,1.0,1.0
2025-10-29T13:30:00,BTCUSDT,113070.94,507.26681,113059.632906,113082.247094,1.0,1.0
2025-10-29T14:30:00,BTCUSDT,112974.44,659.57288,112963.142556,112985.737444,1.0,1.0
2025-10-29T15:30:00,BTCUSDT,112870.01,425.8713,112858.72299899999,112881.297001,1.0,1.0
2025-10-29T16:30:00,BTCUSDT,113132.36,378.28227,113121.046764,113143.673236,1.0,1.0
2025-10-29T17:30:00,BTCUSDT,113139.13,343.38468,113127.816087,113150.44391300001,1.0,1.0
2025-10-29T18:30:00,BTCUSDT,112873.07,1155.92441,112861.782693,112884.35730700001,1.0,1.0
2025-10-29T19:30:00,BTCUSDT,112488.44,1185.34226,112477.191156,112499.688844,1.0,1.0
2025-10-29T20:30:00,BTCUSDT,111509.74,1921.74476,111498.589026,111520.89097400001,1.0,1.0
2025-10-29T21:30:00,BTCUSDT,111106.35,1388.36304,111095.239365,111117.46063500001,1.0,1.0
2025-10-29T22:30:00,BTCUSDT,111883.49,811.18965,111872.301651,111894.67834900001,1.0,1.0
2025-10-29T23:30:00,BTCUSDT,110806.38,4372.18973,110795.299362,110817.460638,1.0,1.0
2025-10-30T00:30:00,BTCUSDT,110640.0,1170.09639,110628.936,110651.064,1.0,1.0
2025-10-30T01:30:00,BTCUSDT,111433.46,728.51015,111422.31665400001,111444.603346,1.0,1.0
2025-10-30T02:30:00,BTCUSDT,111617.26,405.07841,111606.09827399999,111628.421726,1.0,1.0
2025-10-30T03:30:00,BTCUSDT,111028.2,447.25113,111017.09718,111039.30282,1.0,1.0
2025-10-30T04:30:00,BTCUSDT,110021.29,1066.79122,110010.287871,110032.292129,1.0,1.0
2025-10-30T05:30:00,BTCUSDT,110559.48,649.59178,110548.424052,110570.53594799999,1.0,1.0
2025-10-30T06:30:00,BTCUSDT,110460.76,575.63954,110449.713924,110471.806076,1.0,1.0
2025-10-30T07:30:00,BTCUSDT,110985.92,488.21463,110974.821408,110997.018592,1.0,1.0
2025-10-30T08:30:00,BTCUSDT,110751.47,628.73987,110740.394853,110762.545147,1.0,1.0
2025-10-30T09:30:00,BTCUSDT,108575.27,3536.96505,108564.412473,108586.127527,1.0,1.0
2025-10-30T10:30:00,BTCUSDT,110248.29,1212.17428,110237.26517099999,110259.314829,1.0,1.0
2025-10-30T11:30:00,BTCUSDT,110768.01,1000.82897,110756.93319899999,110779.086801,1.0,1.0
2025-10-30T12:30:00,BTCUSDT,111366.72,831.79805,111355.58332800001,111377.856672,1.0,1.0
2025-10-30T13:30:00,BTCUSDT,110714.31,1187.21618,110703.238569,110725.381431,1.0,1.0
2025-10-30T14:30:00,BTCUSDT,110171.69,659.11121,110160.672831,110182.707169,1.0,1.0
2025-10-30T15:30:00,BTCUSDT,110105.75,573.15523,110094.739425,110116.760575,1.0,1.0
2025-10-30T16:30:00,BTCUSDT,109717.29,551.05951,109706.318271,109728.26172899999,1.0,1.0
2025-10-30T17:30:00,BTCUSDT,108387.86,1449.48653,108377.02121400001,108398.698786,1.0,1.0
2025-10-30T18:30:00,BTCUSDT,107627.16,2868.53704,107616.397284,107637.922716,1.0,1.0
2025-10-30T19:30:00,BTCUSDT,108285.54,1206.17345,108274.711446,108296.36855399999,1.0,1.0
2025-10-30T20:30:00,BTCUSDT,107711.56,1019.91386,107700.788844,107722.331156,1.0,1.0
2025-10-30T21:30:00,BTCUSDT,108144.57,667.54851,108133.755543,108155.38445700001,1.0,1.0
2025-10-30T22:30:00,BTCUSDT,107486.69,1492.47982,107475.94133100001,107497.438669,1.0,1.0
2025-10-30T23:30:00,BTCUSDT,106837.09,766.54153,106826.40629099999,106847.773709,1.0,1.0
2025-10-31T00:30:00,BTCUSDT,106536.39,1440.69222,106525.736361,106547.043639,1.0,1.0
2025-10-31T01:30:00,BTCUSDT,107510.91,1205.05225,107500.158909,107521.661091,1.0,1.0
2025-10-31T02:30:00,BTCUSDT,107907.68,846.16919,107896.889232,107918.47076799998,1.0,1.0
2025-10-31T03:30:00,BTCUSDT,107912.81,333.78851,107902.018719,107923.601281,1.0,1.0
2025-10-31T04:30:00,BTCUSDT,108322.88,797.95117,108312.047712,108333.71228800001,1.0,1.0
2025-10-31T05:30:00,BTCUSDT,109317.21,1084.42941,109306.278279,109328.141721,1.0,1.0
2025-10-31T06:30:00,BTCUSDT,109619.77,1402.71517,109608.808023,109630.731977,1.0,1.0
2025-10-31T07:30:00,BTCUSDT,108857.99,866.79172,108847.10420100001,108868.875799,1.0,1.0
2025-10-31T08:30:00,BTCUSDT,109227.86,820.345,109216.937214,109238.782786,1.0,1.0
2025-10-31T09:30:00,BTCUSDT,110084.02,1133.07928,110073.01159800001,110095.028402,1.0,1.0
2025-10-31T10:30:00,BTCUSDT,109899.15,939.00824,109888.160085,109910.13991499999,1.0,1.0
2025-10-31T11:30:00,BTCUSDT,109650.0,532.21593,109639.035,109660.965,1.0,1.0
2025-10-31T12:30:00,BTCUSDT,109449.31,994.16577,109438.36506899999,109460.254931,1.0,1.0
2025-10-31T13:30:00,BTCUSDT,110062.44,719.63357,110051.433756,110073.446244,1.0,1.0
2025-10-31T14:30:00,BTCUSDT,109848.39,632.93862,109837.405161,109859.374839,1.0,1.0
2025-10-31T15:30:00,BTCUSDT,109819.2,375.06762,109808.21807999999,109830.18192,1.0,1.0
2025-10-31T16:30:00,BTCUSDT,110415.61,712.18313,110404.568439,110426.651561,1.0,1.0
2025-10-31T17:30:00,BTCUSDT,109653.19,904.10139,109642.224681,109664.155319,1.0,1.0
2025-10-31T18:30:00,BTCUSDT,110157.54,1164.32028,110146.524246,110168.55575399999,1.0,1.0
2025-10-31T19:30:00,BTCUSDT,110790.14,2487.24179,110779.060986,110801.219014,1.0,1.0
2025-10-31T20:30:00,BTCUSDT,110202.9,1557.65344,110191.87971,110213.92029,1.0,1.0
2025-10-31T21:30:00,BTCUSDT,108845.4,1222.91214,108834.51546,108856.28454,1.0,1.0
2025-10-31T22:30:00,BTCUSDT,109299.98,1008.03929,109289.050002,109310.90999799999,1.0,1.0
2025-10-31T23:30:00,BTCUSDT,109452.35,808.98594,109441.40476500001,109463.295235,1.0,1.0
2025-11-01T00:30:00,BTCUSDT,109828.78,824.47324,109817.797122,109839.762878,1.0,1.0
2025-11-01T01:30:00,BTCUSDT,109493.85,531.7637,109482.900615,109504.799385,1.0,1.0
2025-11-01T02:30:00,BTCUSDT,109558.48,331.78769,109547.524152,109569.435848,1.0,1.0
2025-11-01T03:30:00,BTCUSDT,109580.09,286.93529,109569.131991,109591.04800899999,1.0,1.0
2025-11-01T04:30:00,BTCUSDT,109608.01,177.41674,109597.049199,109618.97080099999,1.0,1.0
2025-11-01T05:30:00,BTCUSDT,109730.78,314.60723,109719.806922,109741.753078,1.0,1.0
2025-11-01T06:30:00,BTCUSDT,109734.11,205.95055,109723.136589,109745.083411,1.0,1.0
2025-11-01T07:30:00,BTCUSDT,109790.27,322.30901,109779.29097300001,109801.249027,1.0,1.0
2025-11-01T08:30:00,BTCUSDT,110226.37,486.66403,110215.347363,110237.392637,1.0,1.0
2025-11-01T09:30:00,BTCUSDT,110291.67,486.28878,110280.640833,110302.699167,1.0,1.0
2025-11-01T10:30:00,BTCUSDT,110140.79,231.47577,110129.775921,110151.804079,1.0,1.0
2025-11-01T11:30:00,BTCUSDT,110004.82,272.1363,109993.819518,110015.82048200001,1.0,1.0
2025-11-01T12:30:00,BTCUSDT,110071.4,284.01087,110060.39285999999,110082.40714,1.0,1.0
2025-11-01T13:30:00,BTCUSDT,110248.88,310.52873,110237.855112,110259.904888,1.0,1.0
2025-11-01T14:30:00,BTCUSDT,109991.29,350.98951,109980.29087099999,110002.289129,1.0,1.0
2025-11-01T15:30:00,BTCUSDT,110147.83,273.03449,110136.815217,110158.84478300001,1.0,1.0
2025-11-01T16:30:00,BTCUSDT,110137.59,193.43473,110126.576241,110148.60375899999,1.0,1.0
2025-11-01T17:30:00,BTCUSDT,110017.27,289.94506,110006.26827300001,110028.271727,1.0,1.0
2025-11-01T18:30:00,BTCUSDT,109946.27,273.80468,109935.27537300001,109957.264627,1.0,1.0
2025-11-01T19:30:00,BTCUSDT,109933.85,343.69011,109922.85661500001,109944.843385,1.0,1.0
2025-11-01T20:30:00,BTCUSDT,110310.65,619.56524,110299.61893499999,110321.681065,1.0,1.0
2025-11-01T21:30:00,BTCUSDT,110464.33,670.42039,110453.283567,110475.376433,1.0,1.0
2025-11-01T22:30:00,BTCUSDT,110208.97,297.51556,110197.949103,110219.990897,1.0,1.0
2025-11-01T23:30:00,BTCUSDT,110341.27,169.41416,110330.23587300001,110352.304127,1.0,1.0
2025-11-02T00:30:00,BTCUSDT,110299.99,109.98551,110288.960001,110311.01999900001,1.0,1.0
2025-11-02T01:30:00,BTCUSDT,110406.2,211.21273,110395.15938,110417.24062,1.0,1.0
2025-11-02T02:30:00,BTCUSDT,109862.85,273.04557,109851.86371500001,109873.836285,1.0,1.0
2025-11-02T03:30:00,BTCUSDT,110092.78,259.45939,110081.770722,110103.789278,1.0,1.0
2025-11-02T04:30:00,BTCUSDT,110098.1,129.01591,110087.09019,110109.10981000001,1.0,1.0
2025-11-02T05:30:00,BTCUSDT,109974.09,318.19118,109963.092591,109985.087409,1.0,1.0
2025-11-02T06:30:00,BTCUSDT,109978.01,159.66153,109967.01219899999,109989.007801,1.0,1.0
2025-11-02T07:30:00,BTCUSDT,110015.77,233.11834,110004.768423,110026.771577,1.0,1.0
2025-11-02T08:30:00,BTCUSDT,110053.23,145.30218,110042.22467699999,110064.235323,1.0,1.0
2025-11-02T09:30:00,BTCUSDT,110670.27,1380.24287,110659.202973,110681.337027,1.0,1.0
2025-11-02T10:30:00,BTCUSDT,110497.98,1261.57372,110486.930202,110509.02979799999,1.0,1.0
2025-11-02T11:30:00,BTCUSDT,110663.89,867.8504,110652.823611,110674.956389,1.0,1.0
2025-11-02T12:30:00,BTCUSDT,110895.53,919.53603,110884.440447,110906.619553,1.0,1.0
2025-11-02T13:30:00,BTCUSDT,110850.17,518.6449,110839.084983,110861.255017,1.0,1.0
2025-11-02T14:30:00,BTCUSDT,110714.0,566.42995,110702.9286,110725.0714,1.0,1.0
2025-11-02T15:30:00,BTCUSDT,110492.0,715.95933,110480.9508,110503.0492,1.0,1.0
2025-11-02T16:30:00,BTCUSDT,111196.99,627.26421,111185.870301,111208.10969900001,1.0,1.0
2025-11-02T17:30:00,BTCUSDT,110736.24,460.53292,110725.16637600001,110747.313624,1.0,1.0
2025-11-02T18:30:00,BTCUSDT,110568.65,420.28873,110557.59313499999,110579.706865,1.0,1.0
2025-11-02T19:30:00,BTCUSDT,110422.24,420.72705,110411.197776,110433.28222400001,1.0,1.0
2025-11-02T20:30:00,BTCUSDT,110117.48,387.83077,110106.46825199999,110128.491748,1.0,1.0
2025-11-02T21:30:00,BTCUSDT,110115.34,614.25585,110104.32846599999,110126.351534,1.0,1.0
2025-11-02T22:30:00,BTCUSDT,110190.4,215.89779,110179.38096,110201.41904,1.0,1.0
2025-11-02T23:30:00,BTCUSDT,110331.0,137.67403,110319.9669,110342.0331,1.0,1.0
2025-11-03T00:30:00,BTCUSDT,110180.84,217.64836,110169.821916,110191.85808399999,1.0,1.0
2025-11-03T01:30:00,BTCUSDT,110086.7,208.23814,110075.69133,110097.70866999999,1.0,1.0
2025-11-03T02:30:00,BTCUSDT,109990.9,196.61258,109979.90091,110001.89908999999,1.0,1.0
2025-11-03T03:30:00,BTCUSDT,109899.99,458.99057,109889.00000100001,109910.979999,1.0,1.0
2025-11-03T04:30:00,BTCUSDT,110540.68,654.52944,110529.625932,110551.73406799999,1.0,1.0
2025-11-03T05:30:00,BTCUSDT,109757.11,449.08984,109746.13428900001,109768.08571099999,1.0,1.0
2025-11-03T06:30:00,BTCUSDT,109665.5,905.23675,109654.53345,109676.46655,1.0,1.0
2025-11-03T07:30:00,BTCUSDT,109033.83,1088.01796,109022.926617,109044.733383,1.0,1.0
2025-11-03T08:30:00,BTCUSDT,107937.45,1524.18495,107926.656255,107948.243745,1.0,1.0
2025-11-03T09:30:00,BTCUSDT,107900.37,1058.5459,107889.579963,107911.160037,1.0,1.0
2025-11-03T10:30:00,BTCUSDT,107606.75,815.12463,107595.989325,107617.510675,1.0,1.0
2025-11-03T11:30:00,BTCUSDT,107494.23,1115.28935,107483.480577,107504.979423,1.0,1.0
2025-11-03T12:30:00,BTCUSDT,107468.23,874.56308,107457.483177,107478.97682299999,1.0,1.0
2025-11-03T13:30:00,BTCUSDT,107586.97,1033.44721,107576.211303,107597.728697,1.0,1.0
2025-11-03T14:30:00,BTCUSDT,107197.94,675.70561,107187.220206,107208.659794,1.0,1.0
2025-11-03T15:30:00,BTCUSDT,106974.99,987.3979,106964.292501,106985.687499,1.0,1.0
2025-11-03T16:30:00,BTCUSDT,107787.42,774.01269,107776.641258,107798.198742,1.0,1.0
2025-11-03T17:30:00,BTCUSDT,107768.9,742.62608,107758.12311,107779.67688999999,1.0,1.0
2025-11-03T18:30:00,BTCUSDT,107908.68,647.66063,107897.889132,107919.47086799999,1.0,1.0
2025-11-03T19:30:00,BTCUSDT,108059.99,919.91286,108049.184001,108070.79599900001,1.0,1.0
2025-11-03T20:30:00,BTCUSDT,105745.71,3853.95819,105735.135429,105756.28457100001,1.0,1.0
2025-11-03T21:30:00,BTCUSDT,106678.44,3622.24107,106667.772156,106689.107844,1.0,1.0
2025-11-03T22:30:00,BTCUSDT,107481.19,1563.75664,107470.441881,107491.938119,1.0,1.0
2025-11-03T23:30:00,BTCUSDT,106961.62,1651.54985,106950.923838,106972.31616199999,1.0,1.0
2025-11-04T00:30:00,BTCUSDT,107090.0,950.86728,107079.291,107100.709,1.0,1.0
2025-11-04T01:30:00,BTCUSDT,106657.55,850.2085,106646.88424500001,106668.215755,1.0,1.0
2025-11-04T02:30:00,BTCUSDT,106888.71,790.25915,106878.021129,106899.39887100001,1.0,1.0
2025-11-04T03:30:00,BTCUSDT,106489.95,1150.56648,106479.301005,106500.598995,1.0,1.0
2025-11-04T04:30:00,BTCUSDT,106583.04,636.96519,106572.381696,106593.69830399999,1.0,1.0
2025-11-04T05:30:00,BTCUSDT,106471.45,1195.65517,106460.802855,106482.09714499999,1.0,1.0
2025-11-04T06:30:00,BTCUSDT,107040.01,1133.99025,107029.30599899999,107050.714001,1.0,1.0
2025-11-04T07:30:00,BTCUSDT,106482.6,701.66328,106471.95174,106493.24826000001,1.0,1.0
2025-11-04T08:30:00,BTCUSDT,107158.79,1057.66983,107148.074121,107169.50587899999,1.0,1.0
2025-11-04T09:30:00,BTCUSDT,106750.14,745.43101,106739.464986,106760.81501399999,1.0,1.0
2025-11-04T10:30:00,BTCUSDT,104215.76,3268.3578,104205.338424,104226.18157599999,1.0,1.0
2025-11-04T11:30:00,BTCUSDT,104766.14,2382.47316,104755.663386,104776.616614,1.0,1.0
2025-11-04T12:30:00,BTCUSDT,104490.72,1633.60477,104480.270928,104501.169072,1.0,1.0
2025-11-04T13:30:00,BTCUSDT,104051.9,1804.04853,104041.49480999999,104062.30519,1.0,1.0
2025-11-04T14:30:00,BTCUSDT,103857.96,1455.72161,103847.574204,103868.34579600001,1.0,1.0
2025-11-04T15:30:00,BTCUSDT,103816.39,1073.24239,103806.008361,103826.771639,1.0,1.0
2025-11-04T16:30:00,BTCUSDT,104584.76,988.08793,104574.301524,104595.218476,1.0,1.0
2025-11-04T17:30:00,BTCUSDT,103952.54,1216.95881,103942.14474599999,103962.935254,1.0,1.0
2025-11-04T18:30:00,BTCUSDT,103924.25,1018.30395,103913.857575,103934.642425,1.0,1.0
2025-11-04T19:30:00,BTCUSDT,104500.01,2915.82303,104489.55999899999,104510.460001,1.0,1.0
2025-11-04T20:30:00,BTCUSDT,103197.01,2271.81312,103186.690299,103207.329701,1.0,1.0
2025-11-04T21:30:00,BTCUSDT,102257.7,3313.32683,102247.47422999999,102267.92577,1.0,1.0
2025-11-04T22:30:00,BTCUSDT,101114.83,4223.40802,101104.718517,101124.941483,1.0,1.0
2025-11-04T23:30:00,BTCUSDT,101363.98,4101.41064,101353.843602,101374.116398,1.0,1.0
2025-11-05T00:30:00,BTCUSDT,100542.64,1814.79036,100532.585736,100552.694264,1.0,1.0
2025-11-05T01:30:00,BTCUSDT,100755.43,4335.57159,100745.354457,100765.50554299999,1.0,1.0
2025-11-05T02:30:00,BTCUSDT,100311.46,4105.7665,100301.42885400001,100321.491146,1.0,1.0
2025-11-05T03:30:00,BTCUSDT,101295.71,2258.84809,101285.58042900001,101305.839571,1.0,1.0
2025-11-05T04:30:00,BTCUSDT,101497.22,1518.90709,101487.070278,101507.369722,1.0,1.0
2025-11-05T05:30:00,BTCUSDT,100564.3,1452.38181,100554.24357,100574.35643,1.0,1.0
2025-11-05T06:30:00,BTCUSDT,100761.62,3025.00486,100751.543838,100771.696162,1.0,1.0
2025-11-05T07:30:00,BTCUSDT,101677.93,3700.99085,101667.76220699999,101688.097793,1.0,1.0
2025-11-05T08:30:00,BTCUSDT,102130.0,2834.46709,102119.787,102140.213,1.0,1.0
2025-11-05T09:30:00,BTCUSDT,101998.3,2059.55564,101988.10017,102008.49983,1.0,1.0
2025-11-05T10:30:00,BTCUSDT,101824.89,1088.37371,101814.707511,101835.072489,1.0,1.0
2025-11-05T11:30:00,BTCUSDT,102119.99,869.66608,102109.77800100001,102130.201999,1.0,1.0
2025-11-05T12:30:00,BTCUSDT,101993.02,644.24535,101982.82069800001,102003.219302,1.0,1.0
2025-11-05T13:30:00,BTCUSDT,101699.74,1179.77273,101689.570026,101709.90997400001,1.0,1.0
2025-11-05T14:30:00,BTCUSDT,101995.29,785.11664,101985.09047099999,102005.489529,1.0,1.0
2025-11-05T15:30:00,BTCUSDT,101401.97,724.99165,101391.829803,101412.110197,1.0,1.0
2025-11-05T16:30:00,BTCUSDT,102070.61,887.62047,102060.402939,102080.817061,1.0,1.0
2025-11-05T17:30:00,BTCUSDT,102673.35,1241.26951,102663.08266500001,102683.617335,1.0,1.0
2025-11-05T18:30:00,BTCUSDT,102985.91,1451.5824,102975.611409,102996.208591,1.0,1.0
2025-11-05T19:30:00,BTCUSDT,103202.3,1801.60223,103191.97977,103212.62023,1.0,1.0
2025-11-05T20:30:00,BTCUSDT,103728.3,1851.46451,103717.92717000001,103738.67283,1.0,1.0
2025-11-05T21:30:00,BTCUSDT,103919.2,1677.80348,103908.80808,103929.59191999999,1.0,1.0
2025-11-05T22:30:00,BTCUSDT,103904.05,1795.89346,103893.659595,103914.440405,1.0,1.0
2025-11-05T23:30:00,BTCUSDT,104347.4,1222.46217,104336.96526,104357.83473999999,1.0,1.0
2025-11-06T00:30:00,BTCUSDT,104008.09,796.61274,103997.689191,104018.490809,1.0,1.0
2025-11-06T01:30:00,BTCUSDT,103831.22,881.47869,103820.836878,103841.603122,1.0,1.0
2025-11-06T02:30:00,BTCUSDT,103672.37,586.96502,103662.002763,103682.737237,1.0,1.0
2025-11-06T03:30:00,BTCUSDT,103706.55,686.44411,103696.179345,103716.92065500001,1.0,1.0
2025-11-06T04:30:00,BTCUSDT,103885.16,533.01051,103874.77148400001,103895.548516,1.0,1.0
2025-11-06T05:30:00,BTCUSDT,103677.72,1223.43533,103667.352228,103688.087772,1.0,1.0
2025-11-06T06:30:00,BTCUSDT,103365.65,1156.07343,103355.31343499999,103375.986565,1.0,1.0
2025-11-06T07:30:00,BTCUSDT,103321.81,711.05988,103311.47781899999,103332.142181,1.0,1.0
2025-11-06T08:30:00,BTCUSDT,103636.03,691.22573,103625.666397,103646.393603,1.0,1.0
2025-11-06T09:30:00,BTCUSDT,104030.79,671.34024,104020.386921,104041.19307899999,1.0,1.0
2025-11-06T10:30:00,BTCUSDT,103143.57,755.30818,103133.25564300001,103153.884357,1.0,1.0
2025-11-06T11:30:00,BTCUSDT,103318.75,555.63033,103308.418125,103329.081875,1.0,1.0
2025-11-06T12:30:00,BTCUSDT,103185.48,988.58677,103175.161452,103195.79854799999,1.0,1.0
2025-11-06T13:30:00,BTCUSDT,103200.26,647.13062,103189.939974,103210.580026,1.0,1.0
2025-11-06T14:30:00,BTCUSDT,102810.01,536.64925,102799.728999,102820.29100099999,1.0,1.0
2025-11-06T15:30:00,BTCUSDT,103122.54,932.94397,103112.22774599999,103132.852254,1.0,1.0
2025-11-06T16:30:00,BTCUSDT,103227.58,540.52931,103217.257242,103237.902758,1.0,1.0
2025-11-06T17:30:00,BTCUSDT,102552.38,1051.14565,102542.124762,102562.635238,1.0,1.0
2025-11-06T18:30:00,BTCUSDT,103319.71,941.18298,103309.37802900001,103330.041971,1.0,1.0
2025-11-06T19:30:00,BTCUSDT,102125.0,1661.00797,102114.7875,102135.2125,1.0,1.0
2025-11-06T20:30:00,BTCUSDT,102014.48,3027.20967,102004.278552,102024.68144799999,1.0,1.0
2025-11-06T21:30:00,BTCUSDT,100867.2,3035.72721,100857.11328,100877.28671999999,1.0,1.0
2025-11-06T22:30:00,BTCUSDT,101804.01,1310.77048,101793.82959899999,101814.190401,1.0,1.0
2025-11-06T23:30:00,BTCUSDT,101722.13,956.16247,101711.957787,101732.302213,1.0,1.0
2025-11-07T00:30:00,BTCUSDT,101388.81,756.60374,101378.671119,101398.94888099999,1.0,1.0
2025-11-07T01:30:00,BTCUSDT,100914.11,812.36283,100904.018589,100924.201411,1.0,1.0
2025-11-07T02:30:00,BTCUSDT,101117.17,938.29195,101107.058283,101127.28171699999,1.0,1.0
2025-11-07T03:30:00,BTCUSDT,101415.05,639.89634,101404.90849500001,101425.191505,1.0,1.0
2025-11-07T04:30:00,BTCUSDT,101346.04,1274.34706,101335.905396,101356.17460399999,1.0,1.0
2025-11-07T05:30:00,BTCUSDT,101479.78,823.54705,101469.632022,101489.92797799999,1.0,1.0
2025-11-07T06:30:00,BTCUSDT,101538.96,1095.04627,101528.806104,101549.11389600001,1.0,1.0
2025-11-07T07:30:00,BTCUSDT,101905.11,779.48744,101894.919489,101915.300511,1.0,1.0
2025-11-07T08:30:00,BTCUSDT,101916.29,1267.53296,101906.098371,101926.48162899999,1.0,1.0
2025-11-07T09:30:00,BTCUSDT,102027.19,798.08441,102016.98728100001,102037.392719,1.0,1.0
2025-11-07T10:30:00,BTCUSDT,102447.47,701.21696,102437.225253,102457.714747,1.0,1.0
2025-11-07T11:30:00,BTCUSDT,101819.1,469.88373,101808.91809,101829.28191,1.0,1.0
2025-11-07T12:30:00,BTCUSDT,102010.0,1093.42589,101999.799,102020.201,1.0,1.0
2025-11-07T13:30:00,BTCUSDT,101496.18,817.45963,101486.030382,101506.32961799999,1.0,1.0
2025-11-07T14:30:00,BTCUSDT,101013.66,1382.92001,101003.558634,101023.761366,1.0,1.0
2025-11-07T15:30:00,BTCUSDT,100770.85,1279.53134,100760.77291500001,100780.927085,1.0,1.0
2025-11-07T16:30:00,BTCUSDT,100411.89,3120.50016,100401.848811,100421.931189,1.0,1.0
2025-11-07T17:30:00,BTCUSDT,99638.28,1799.68202,99628.316172,99648.24382799999,1.0,1.0
2025-11-07T18:30:00,BTCUSDT,100347.35,1635.46609,100337.31526500001,100357.384735,1.0,1.0
2025-11-07T19:30:00,BTCUSDT,100806.08,2597.13075,100795.999392,100816.160608,1.0,1.0
2025-11-07T20:30:00,BTCUSDT,100797.95,2600.73788,100787.870205,100808.029795,1.0,1.0
2025-11-07T21:30:00,BTCUSDT,101169.2,1975.20246,101159.08308,101179.31692,1.0,1.0
2025-11-07T22:30:00,BTCUSDT,102397.12,2091.96075,102386.880288,102407.35971199999,1.0,1.0
2025-11-07T23:30:00,BTCUSDT,102609.46,1585.11088,102599.19905400001,102619.720946,1.0,1.0
2025-11-08T00:30:00,BTCUSDT,103395.25,1184.29403,103384.910475,103405.589525,1.0,1.0
2025-11-08T01:30:00,BTCUSDT,103783.09,970.62813,103772.711691,103793.46830899999,1.0,1.0
2025-11-08T02:30:00,BTCUSDT,103879.23,743.31566,103868.842077,103889.617923,1.0,1.0
2025-11-08T03:30:00,BTCUSDT,103633.03,736.65333,103622.666697,103643.393303,1.0,1.0
2025-11-08T04:30:00,BTCUSDT,103339.08,510.69159,103328.746092,103349.413908,1.0,1.0
2025-11-08T05:30:00,BTCUSDT,102713.15,877.26495,102702.87868499999,102723.421315,1.0,1.0
2025-11-08T06:30:00,BTCUSDT,102996.84,498.24095,102986.540316,103007.139684,1.0,1.0
2025-11-08T07:30:00,BTCUSDT,102846.65,494.72835,102836.365335,102856.934665,1.0,1.0
2025-11-08T08:30:00,BTCUSDT,102592.76,531.57226,102582.500724,102603.01927599999,1.0,1.0
2025-11-08T09:30:00,BTCUSDT,102565.03,602.92361,102554.773497,102575.286503,1.0,1.0
2025-11-08T10:30:00,BTCUSDT,102304.0,396.06427,102293.7696,102314.2304,1.0,1.0
2025-11-08T11:30:00,BTCUSDT,102215.62,590.77493,102205.39843799999,102225.841562,1.0,1.0
2025-11-08T12:30:00,BTCUSDT,102352.96,452.1997,102342.72470400001,102363.195296,1.0,1.0
2025-11-08T13:30:00,BTCUSDT,102431.74,470.18368,102421.496826,102441.98317400001,1.0,1.0
2025-11-08T14:30:00,BTCUSDT,102399.46,359.62626,102389.220054,102409.69994600001,1.0,1.0
2025-11-08T15:30:00,BTCUSDT,102480.04,301.03917,102469.791996,102490.28800399999,1.0,1.0
2025-11-08T16:30:00,BTCUSDT,101857.1,707.36146,101846.91429,101867.28571000001,1.0,1.0
2025-11-08T17:30:00,BTCUSDT,102065.14,439.24627,102054.933486,102075.346514,1.0,1.0
2025-11-08T18:30:00,BTCUSDT,101804.63,952.83284,101794.44953700001,101814.810463,1.0,1.0
2025-11-08T19:30:00,BTCUSDT,101827.19,1159.38189,101817.007281,101837.372719,1.0,1.0
2025-11-08T20:30:00,BTCUSDT,101711.45,511.67056,101701.278855,101721.621145,1.0,1.0
2025-11-08T21:30:00,BTCUSDT,101850.22,502.57143,101840.034978,101860.405022,1.0,1.0
2025-11-08T22:30:00,BTCUSDT,101994.52,479.97599,101984.320548,102004.719452,1.0,1.0
2025-11-08T23:30:00,BTCUSDT,102139.53,766.44634,102129.316047,102149.743953,1.0,1.0
2025-11-09T00:30:00,BTCUSDT,101989.65,371.41335,101979.45103499999,101999.848965,1.0,1.0
2025-11-09T01:30:00,BTCUSDT,102068.06,206.6246,102057.853194,102078.266806,1.0,1.0
2025-11-09T02:30:00,BTCUSDT,102272.81,234.4224,102262.582719,102283.037281,1.0,1.0
2025-11-09T03:30:00,BTCUSDT,102377.46,249.46029,102367.22225400001,102387.697746,1.0,1.0
2025-11-09T04:30:00,BTCUSDT,102312.94,234.7543,102302.708706,102323.171294,1.0,1.0
2025-11-09T05:30:00,BTCUSDT,101797.74,616.42627,101787.560226,101807.91977400001,1.0,1.0
2025-11-09T06:30:00,BTCUSDT,102045.07,373.40232,102034.865493,102055.27450700001,1.0,1.0
2025-11-09T07:30:00,BTCUSDT,101633.25,398.65792,101623.086675,101643.413325,1.0,1.0
2025-11-09T08:30:00,BTCUSDT,101662.05,767.84962,101651.883795,101672.216205,1.0,1.0
2025-11-09T09:30:00,BTCUSDT,101724.91,378.19223,101714.737509,101735.08249100001,1.0,1.0
2025-11-09T10:30:00,BTCUSDT,101928.54,291.74297,101918.347146,101938.73285399999,1.0,1.0
2025-11-09T11:30:00,BTCUSDT,101752.83,213.04181,101742.654717,101763.005283,1.0,1.0
2025-11-09T12:30:00,BTCUSDT,101944.59,218.68631,101934.39554099999,101954.784459,1.0,1.0
2025-11-09T13:30:00,BTCUSDT,101972.94,216.7581,101962.742706,101983.137294,1.0,1.0
2025-11-09T14:30:00,BTCUSDT,101657.46,411.11856,101647.29425400001,101667.625746,1.0,1.0
2025-11-09T15:30:00,BTCUSDT,101876.36,695.1249,101866.172364,101886.547636,1.0,1.0
2025-11-09T16:30:00,BTCUSDT,102239.41,502.56822,102229.186059,102249.63394100001,1.0,1.0
2025-11-09T17:30:00,BTCUSDT,102086.9,522.32408,102076.69131,102097.10869,1.0,1.0
2025-11-09T18:30:00,BTCUSDT,102911.39,788.58745,102901.098861,102921.681139,1.0,1.0
2025-11-09T19:30:00,BTCUSDT,103037.9,2232.81061,103027.59620999999,103048.20379,1.0,1.0
2025-11-09T20:30:00,BTCUSDT,103762.17,1143.9267,103751.793783,103772.546217,1.0,1.0
2025-11-09T21:30:00,BTCUSDT,103845.04,741.52049,103834.65549599999,103855.424504,1.0,1.0
2025-11-09T22:30:00,BTCUSDT,103637.57,460.77714,103627.20624300001,103647.933757,1.0,1.0
2025-11-09T23:30:00,BTCUSDT,104512.65,773.02957,104502.198735,104523.10126499999,1.0,1.0
2025-11-10T00:30:00,BTCUSDT,104805.57,849.18697,104795.089443,104816.05055700001,1.0,1.0
2025-11-10T01:30:00,BTCUSDT,104633.12,700.89351,104622.656688,104643.58331199999,1.0,1.0
2025-11-10T02:30:00,BTCUSDT,104528.82,475.91997,104518.36711800001,104539.272882,1.0,1.0
2025-11-10T03:30:00,BTCUSDT,104732.48,1344.74595,104722.006752,104742.95324799999,1.0,1.0
2025-11-10T04:30:00,BTCUSDT,104722.96,1221.67929,104712.48770400001,104733.432296,1.0,1.0
2025-11-10T05:30:00,BTCUSDT,106314.96,2711.00239,106304.328504,106325.59149600001,1.0,1.0
2025-11-10T06:30:00,BTCUSDT,105699.99,2166.65056,105689.420001,105710.559999,1.0,1.0
2025-11-10T07:30:00,BTCUSDT,106006.69,775.83999,105996.08933100001,106017.290669,1.0,1.0
2025-11-10T08:30:00,BTCUSDT,106027.97,847.84998,106017.367203,106038.572797,1.0,1.0
2025-11-10T09:30:00,BTCUSDT,106153.14,677.49361,106142.524686,106163.755314,1.0,1.0
2025-11-10T10:30:00,BTCUSDT,106100.0,619.39822,106089.39,106110.61,1.0,1.0
2025-11-10T11:30:00,BTCUSDT,106221.88,531.36548,106211.25781200001,106232.502188,1.0,1.0
2025-11-10T12:30:00,BTCUSDT,106461.45,855.88178,106450.80385499999,106472.096145,1.0,1.0
2025-11-10T13:30:00,BTCUSDT,105965.46,758.17354,105954.863454,105976.056546,1.0,1.0
2025-11-10T14:30:00,BTCUSDT,106440.0,736.84126,106429.356,106450.644,1.0,1.0
2025-11-10T15:30:00,BTCUSDT,105995.26,470.32569,105984.66047399999,106005.859526,1.0,1.0
2025-11-10T16:30:00,BTCUSDT,106176.5,391.10179,106165.88235,106187.11765,1.0,1.0
2025-11-10T17:30:00,BTCUSDT,105944.17,656.39469,105933.575583,105954.764417,1.0,1.0
2025-11-10T18:30:00,BTCUSDT,106548.02,785.48627,106537.365198,106558.67480200001,1.0,1.0
2025-11-10T19:30:00,BTCUSDT,104898.15,1937.55608,104887.660185,104908.63981499999,1.0,1.0
2025-11-10T20:30:00,BTCUSDT,105079.99,2341.3437,105069.48200100001,105090.497999,1.0,1.0
2025-11-10T21:30:00,BTCUSDT,105242.05,1018.54158,105231.52579500001,105252.574205,1.0,1.0
2025-11-10T22:30:00,BTCUSDT,105953.1,695.86986,105942.50469,105963.69531000001,1.0,1.0
2025-11-10T23:30:00,BTCUSDT,105478.0,580.04807,105467.4522,105488.5478,1.0,1.0
2025-11-11T00:30:00,BTCUSDT,105817.99,461.94988,105807.40820100001,105828.571799,1.0,1.0
2025-11-11T01:30:00,BTCUSDT,106010.73,635.97915,106000.128927,106021.331073,1.0,1.0
2025-11-11T02:30:00,BTCUSDT,105631.27,1140.24521,105620.706873,105641.833127,1.0,1.0
2025-11-11T03:30:00,BTCUSDT,106062.8,418.65674,106052.19372000001,106073.40628,1.0,1.0
2025-11-11T04:30:00,BTCUSDT,106011.13,468.26121,106000.52888700001,106021.731113,1.0,1.0
2025-11-11T05:30:00,BTCUSDT,106139.83,562.07527,106129.216017,106150.443983,1.0,1.0
2025-11-11T06:30:00,BTCUSDT,106110.36,1869.1591,106099.748964,106120.971036,1.0,1.0
2025-11-11T07:30:00,BTCUSDT,106655.02,1751.73895,106644.354498,106665.68550200001,1.0,1.0
2025-11-11T08:30:00,BTCUSDT,106456.0,752.0543,106445.3544,106466.6456,1.0,1.0
2025-11-11T09:30:00,BTCUSDT,105755.32,640.19881,105744.744468,105765.89553200001,1.0,1.0
2025-11-11T10:30:00,BTCUSDT,105249.35,774.38555,105238.82506500001,105259.874935,1.0,1.0
2025-11-11T11:30:00,BTCUSDT,105261.27,1146.86686,105250.743873,105271.79612700001,1.0,1.0
2025-11-11T12:30:00,BTCUSDT,104783.98,754.78302,104773.501602,104794.45839799999,1.0,1.0
2025-11-11T13:30:00,BTCUSDT,105157.8,509.99239,105147.28422,105168.31578,1.0,1.0
2025-11-11T14:30:00,BTCUSDT,104971.63,505.2007,104961.13283700001,104982.127163,1.0,1.0
2025-11-11T15:30:00,BTCUSDT,105176.38,417.15368,105165.862362,105186.89763800001,1.0,1.0
2025-11-11T16:30:00,BTCUSDT,105311.9,372.28222,105301.36881,105322.43118999999,1.0,1.0
2025-11-11T17:30:00,BTCUSDT,104530.83,2106.11964,104520.376917,104541.283083,1.0,1.0
2025-11-11T18:30:00,BTCUSDT,104390.92,3314.65247,104380.480908,104401.359092,1.0,1.0
2025-11-11T19:30:00,BTCUSDT,104560.16,1215.16933,104549.703984,104570.616016,1.0,1.0
2025-11-11T20:30:00,BTCUSDT,103455.99,2215.12756,103445.64440100001,103466.335599,1.0,1.0
2025-11-11T21:30:00,BTCUSDT,103399.43,664.19158,103389.090057,103409.76994299999,1.0,1.0
2025-11-11T22:30:00,BTCUSDT,103338.99,917.43867,103328.656101,103349.32389900001,1.0,1.0
2025-11-11T23:30:00,BTCUSDT,103401.07,487.03154,103390.72989300001,103411.410107,1.0,1.0
2025-11-12T00:30:00,BTCUSDT,103126.39,479.2973,103116.077361,103136.702639,1.0,1.0
2025-11-12T01:30:00,BTCUSDT,102809.27,742.04221,102798.989073,102819.550927,1.0,1.0
2025-11-12T02:30:00,BTCUSDT,102633.92,796.94775,102623.656608,102644.18339199999,1.0,1.0
2025-11-12T03:30:00,BTCUSDT,103000.01,652.65633,102989.709999,103010.31000099999,1.0,1.0
2025-11-12T04:30:00,BTCUSDT,103058.99,549.94195,103048.684101,103069.295899,1.0,1.0
2025-11-12T05:30:00,BTCUSDT,102885.99,598.51997,102875.70140100001,102896.278599,1.0,1.0
2025-11-12T06:30:00,BTCUSDT,103254.64,999.5861,103244.314536,103264.965464,1.0,1.0
2025-11-12T07:30:00,BTCUSDT,103151.66,705.65849,103141.344834,103161.975166,1.0,1.0
2025-11-12T08:30:00,BTCUSDT,103310.0,368.29105,103299.669,103320.331,1.0,1.0
2025-11-12T09:30:00,BTCUSDT,103246.87,320.89726,103236.545313,103257.194687,1.0,1.0
2025-11-12T10:30:00,BTCUSDT,103385.3,465.38371,103374.96147000001,103395.63853,1.0,1.0
2025-11-12T11:30:00,BTCUSDT,103366.97,689.4704,103356.633303,103377.306697,1.0,1.0
2025-11-12T12:30:00,BTCUSDT,103112.66,689.87309,103102.348734,103122.97126600001,1.0,1.0
2025-11-12T13:30:00,BTCUSDT,104147.24,1064.00216,104136.825276,104157.654724,1.0,1.0
2025-11-12T14:30:00,BTCUSDT,104521.56,1348.44138,104511.107844,104532.012156,1.0,1.0
2025-11-12T15:30:00,BTCUSDT,104899.99,611.04736,104889.50000100001,104910.479999,1.0,1.0
2025-11-12T16:30:00,BTCUSDT,105020.83,520.21601,105010.327917,105031.332083,1.0,1.0
2025-11-12T17:30:00,BTCUSDT,104993.74,538.28345,104983.24062600001,105004.239374,1.0,1.0
2025-11-12T18:30:00,BTCUSDT,105039.99,652.43577,105029.48600100001,105050.493999,1.0,1.0
2025-11-12T19:30:00,BTCUSDT,103990.4,1426.89556,103980.00095999999,104000.79904,1.0,1.0
2025-11-12T20:30:00,BTCUSDT,102173.51,2574.38835,102163.292649,102183.727351,1.0,1.0
2025-11-12T21:30:00,BTCUSDT,101442.61,2365.20417,101432.465739,101452.754261,1.0,1.0
2025-11-12T22:30:00,BTCUSDT,101748.02,903.07839,101737.84519800001,101758.194802,1.0,1.0
2025-11-12T23:30:00,BTCUSDT,101542.17,626.0637,101532.015783,101552.324217,1.0,1.0
2025-11-13T00:30:00,BTCUSDT,101297.31,974.91965,101287.180269,101307.43973099999,1.0,1.0
2025-11-13T01:30:00,BTCUSDT,101539.01,677.7383,101528.856099,101549.16390099999,1.0,1.0
2025-11-13T02:30:00,BTCUSDT,101920.47,419.00665,101910.277953,101930.662047,1.0,1.0
2025-11-13T03:30:00,BTCUSDT,101978.96,401.25193,101968.76210400001,101989.157896,1.0,1.0
2025-11-13T04:30:00,BTCUSDT,101654.37,516.98616,101644.20456299999,101664.535437,1.0,1.0
2025-11-13T05:30:00,BTCUSDT,101854.58,477.36249,101844.39454200001,101864.765458,1.0,1.0
2025-11-13T06:30:00,BTCUSDT,102007.0,1311.97773,101996.7993,102017.2007,1.0,1.0
2025-11-13T07:30:00,BTCUSDT,102064.41,358.95316,102054.203559,102074.616441,1.0,1.0
2025-11-13T08:30:00,BTCUSDT,102130.21,1438.17883,102119.996979,102140.42302100001,1.0,1.0
2025-11-13T09:30:00,BTCUSDT,102120.0,873.51911,102109.788,102130.212,1.0,1.0
2025-11-13T10:30:00,BTCUSDT,103135.84,893.66042,103125.526416,103146.153584,1.0,1.0
2025-11-13T11:30:00,BTCUSDT,103590.74,1230.29564,103580.38092600001,103601.099074,1.0,1.0
2025-11-13T12:30:00,BTCUSDT,103475.66,1328.34761,103465.312434,103486.007566,1.0,1.0
2025-11-13T13:30:00,BTCUSDT,103684.06,901.73611,103673.691594,103694.42840599999,1.0,1.0
2025-11-13T14:30:00,BTCUSDT,102827.0,1334.94774,102816.7173,102837.2827,1.0,1.0
2025-11-13T15:30:00,BTCUSDT,102991.22,491.21571,102980.920878,103001.519122,1.0,1.0
2025-11-13T16:30:00,BTCUSDT,102936.5,410.73987,102926.20635000001,102946.79364999999,1.0,1.0
2025-11-13T17:30:00,BTCUSDT,103143.45,597.28173,103133.135655,103153.76434499999,1.0,1.0
2025-11-13T18:30:00,BTCUSDT,102326.48,1187.69713,102316.24735199999,102336.712648,1.0,1.0
2025-11-13T19:30:00,BTCUSDT,102873.14,2405.05801,102862.852686,102883.427314,1.0,1.0
2025-11-13T20:30:00,BTCUSDT,101382.64,2074.3959,101372.501736,101392.778264,1.0,1.0
2025-11-13T21:30:00,BTCUSDT,100633.13,2664.17181,100623.066687,100643.19331300001,1.0,1.0
2025-11-13T22:30:00,BTCUSDT,99659.99,3368.62722,99650.02400100001,99669.955999,1.0,1.0
2025-11-13T23:30:00,BTCUSDT,98591.78,4579.03994,98581.920822,98601.639178,1.0,1.0
2025-11-14T00:30:00,BTCUSDT,98682.14,2309.2418,98672.271786,98692.008214,1.0,1.0
2025-11-14T01:30:00,BTCUSDT,98162.11,2424.57218,98152.293789,98171.926211,1.0,1.0
2025-11-14T02:30:00,BTCUSDT,98817.36,1018.69866,98807.478264,98827.241736,1.0,1.0
2025-11-14T03:30:00,BTCUSDT,99851.82,1303.27918,99841.834818,99861.80518200001,1.0,1.0
2025-11-14T04:30:00,BTCUSDT,99692.02,1215.50973,99682.05079800001,99701.989202,1.0,1.0
2025-11-14T05:30:00,BTCUSDT,98973.95,1748.7685,98964.052605,98983.84739499999,1.0,1.0
2025-11-14T06:30:00,BTCUSDT,99255.6,2292.50283,99245.67444,99265.52556000001,1.0,1.0
2025-11-14T07:30:00,BTCUSDT,99620.0,967.49149,99610.038,99629.962,1.0,1.0
2025-11-14T08:30:00,BTCUSDT,99139.38,831.05287,99129.466062,99149.293938,1.0,1.0
2025-11-14T09:30:00,BTCUSDT,97823.98,3850.84747,97814.197602,97833.76239799999,1.0,1.0
2025-11-14T10:30:00,BTCUSDT,97523.98,2096.22294,97514.227602,97533.732398,1.0,1.0
2025-11-14T11:30:00,BTCUSDT,97569.13,2909.036,97559.373087,97578.88691300001,1.0,1.0
2025-11-14T12:30:00,BTCUSDT,97151.98,2260.62551,97142.26480199999,97161.695198,1.0,1.0
2025-11-14T13:30:00,BTCUSDT,97377.41,1591.93158,97367.672259,97387.14774100001,1.0,1.0
2025-11-14T14:30:00,BTCUSDT,96839.93,1043.46142,96830.246007,96849.61399299999,1.0,1.0
2025-11-14T15:30:00,BTCUSDT,96752.2,688.27736,96742.52477999999,96761.87522,1.0,1.0
2025-11-14T16:30:00,BTCUSDT,96167.44,1931.93096,96157.823256,96177.056744,1.0,1.0
2025-11-14T17:30:00,BTCUSDT,95350.75,4859.43942,95341.21492500001,95360.28507499999,1.0,1.0
2025-11-14T18:30:00,BTCUSDT,95243.95,3578.96625,95234.425605,95253.474395,1.0,1.0
2025-11-14T19:30:00,BTCUSDT,96542.38,3587.32924,96532.725762,96552.03423800001,1.0,1.0
2025-11-14T20:30:00,BTCUSDT,96796.14,2286.98587,96786.460386,96805.819614,1.0,1.0
2025-11-14T21:30:00,BTCUSDT,97011.22,1610.29675,97001.518878,97020.921122,1.0,1.0
2025-11-14T22:30:00,BTCUSDT,95842.56,1417.43832,95832.975744,95852.144256,1.0,1.0
2025-11-14T23:30:00,BTCUSDT,95075.53,1363.43718,95066.022447,95085.037553,1.0,1.0
2025-11-15T00:30:00,BTCUSDT,95778.29,1214.47277,95768.71217099999,95787.867829,1.0,1.0
2025-11-15T01:30:00,BTCUSDT,94377.47,1917.84937,94368.032253,94386.907747,1.0,1.0
2025-11-15T02:30:00,BTCUSDT,95059.47,927.53739,95049.964053,95068.975947,1.0,1.0
2025-11-15T03:30:00,BTCUSDT,95179.99,990.87669,95170.472001,95189.50799900001,1.0,1.0
2025-11-15T04:30:00,BTCUSDT,94594.0,1321.36663,94584.54060000001,94603.45939999999,1.0,1.0
2025-11-15T05:30:00,BTCUSDT,95149.35,1050.81596,95139.835065,95158.864935,1.0,1.0
2025-11-15T06:30:00,BTCUSDT,95650.17,946.56569,95640.604983,95659.735017,1.0,1.0
2025-11-15T07:30:00,BTCUSDT,96482.77,971.87658,96473.121723,96492.418277,1.0,1.0
2025-11-15T08:30:00,BTCUSDT,96417.12,1407.53254,96407.478288,96426.76171199999,1.0,1.0
2025-11-15T09:30:00,BTCUSDT,96112.14,541.00804,96102.528786,96121.751214,1.0,1.0
2025-11-15T10:30:00,BTCUSDT,96342.18,712.44846,96332.545782,96351.81421799998,1.0,1.0
2025-11-15T11:30:00,BTCUSDT,96121.27,672.4607,96111.657873,96130.882127,1.0,1.0
2025-11-15T12:30:00,BTCUSDT,96333.86,618.02642,96324.226614,96343.493386,1.0,1.0
2025-11-15T13:30:00,BTCUSDT,95910.88,987.30061,95901.288912,95920.471088,1.0,1.0
2025-11-15T14:30:00,BTCUSDT,95808.44,655.00121,95798.859156,95818.020844,1.0,1.0
2025-11-15T15:30:00,BTCUSDT,95952.13,382.53531,95942.53478700001,95961.725213,1.0,1.0
2025-11-15T16:30:00,BTCUSDT,95696.87,311.38925,95687.300313,95706.43968699999,1.0,1.0
2025-11-15T17:30:00,BTCUSDT,95814.08,313.88372,95804.498592,95823.661408,1.0,1.0
2025-11-15T18:30:00,BTCUSDT,96370.16,815.44172,96360.52298400001,96379.797016,1.0,1.0
2025-11-15T19:30:00,BTCUSDT,96254.25,493.86496,96244.624575,96263.875425,1.0,1.0
2025-11-15T20:30:00,BTCUSDT,96260.0,364.09538,96250.374,96269.626,1.0,1.0
2025-11-15T21:30:00,BTCUSDT,96162.84,652.31588,96153.223716,96172.456284,1.0,1.0
2025-11-15T22:30:00,BTCUSDT,96238.5,647.76319,96228.87615,96248.12385,1.0,1.0
2025-11-15T23:30:00,BTCUSDT,96052.99,388.88122,96043.384701,96062.59529900001,1.0,1.0
2025-11-16T00:30:00,BTCUSDT,96012.01,191.69202,96002.408799,96021.61120099999,1.0,1.0
2025-11-16T01:30:00,BTCUSDT,95277.52,940.18711,95267.99224800001,95287.047752,1.0,1.0
2025-11-16T02:30:00,BTCUSDT,95279.99,458.06338,95270.462001,95289.517999,1.0,1.0
2025-11-16T03:30:00,BTCUSDT,95619.62,347.97795,95610.058038,95629.18196199999,1.0,1.0
2025-11-16T04:30:00,BTCUSDT,95596.24,239.76661,95586.680376,95605.799624,1.0,1.0
2025-11-16T05:30:00,BTCUSDT,95362.0,304.87252,95352.4638,95371.5362,1.0,1.0
2025-11-16T06:30:00,BTCUSDT,95276.62,713.63073,95267.092338,95286.14766199999,1.0,1.0
2025-11-16T07:30:00,BTCUSDT,95963.88,557.05695,95954.283612,95973.47638800001,1.0,1.0
2025-11-16T08:30:00,BTCUSDT,95825.02,321.10986,95815.437498,95834.60250200001,1.0,1.0
2025-11-16T09:30:00,BTCUSDT,95821.79,349.88402,95812.20782099999,95831.372179,1.0,1.0
2025-11-16T10:30:00,BTCUSDT,95881.82,391.55568,95872.23181800001,95891.408182,1.0,1.0
2025-11-16T11:30:00,BTCUSDT,95813.53,200.18257,95803.948647,95823.111353,1.0,1.0
2025-11-16T12:30:00,BTCUSDT,96099.99,337.71705,96090.38000100001,96109.599999,1.0,1.0
2025-11-16T13:30:00,BTCUSDT,96116.94,378.10619,96107.32830600001,96126.551694,1.0,1.0
2025-11-16T14:30:00,BTCUSDT,96629.75,611.90526,96620.087025,96639.412975,1.0,1.0
2025-11-16T15:30:00,BTCUSDT,96444.71,575.34123,96435.06552900001,96454.354471,1.0,1.0
2025-11-16T16:30:00,BTCUSDT,95627.13,1020.02786,95617.56728700001,95636.692713,1.0,1.0
2025-11-16T17:30:00,BTCUSDT,95743.9,547.95591,95734.32561,95753.47438999999,1.0,1.0
2025-11-16T18:30:00,BTCUSDT,95420.44,561.73436,95410.897956,95429.982044,1.0,1.0
2025-11-16T19:30:00,BTCUSDT,95531.13,396.85356,95521.576887,95540.683113,1.0,1.0
2025-11-16T20:30:00,BTCUSDT,94573.46,1039.77491,94564.00265400001,94582.917346,1.0,1.0
2025-11-16T21:30:00,BTCUSDT,94224.47,2545.47537,94215.047553,94233.892447,1.0,1.0
2025-11-16T22:30:00,BTCUSDT,94357.67,2214.0171,94348.234233,94367.105767,1.0,1.0
2025-11-16T23:30:00,BTCUSDT,94049.64,3256.0945,94040.235036,94059.044964,1.0,1.0
2025-11-17T00:30:00,BTCUSDT,94020.0,1029.66678,94010.598,94029.402,1.0,1.0
2025-11-17T01:30:00,BTCUSDT,94090.0,563.82548,94080.591,94099.409,1.0,1.0
2025-11-17T02:30:00,BTCUSDT,93505.22,1731.40126,93495.86947800001,93514.570522,1.0,1.0
2025-11-17T03:30:00,BTCUSDT,94183.36,1764.45299,94173.941664,94192.778336,1.0,1.0
2025-11-17T04:30:00,BTCUSDT,94261.44,2476.76296,94252.013856,94270.866144,1.0,1.0
2025-11-17T05:30:00,BTCUSDT,95290.01,1716.89838,95280.48099899999,95299.539001,1.0,1.0
2025-11-17T06:30:00,BTCUSDT,94768.02,912.36086,94758.543198,94777.49680200001,1.0,1.0
2025-11-17T07:30:00,BTCUSDT,94976.18,781.92776,94966.682382,94985.67761799999,1.0,1.0
2025-11-17T08:30:00,BTCUSDT,95496.77,713.35025,95487.220323,95506.319677,1.0,1.0
2025-11-17T09:30:00,BTCUSDT,95096.74,1622.50542,95087.230326,95106.249674,1.0,1.0
2025-11-17T10:30:00,BTCUSDT,95122.76,574.08695,95113.247724,95132.27227599999,1.0,1.0
2025-11-17T11:30:00,BTCUSDT,95282.36,495.05249,95272.831764,95291.888236,1.0,1.0
2025-11-17T12:30:00,BTCUSDT,95653.77,1148.2017,95644.20462300001,95663.335377,1.0,1.0
2025-11-17T13:30:00,BTCUSDT,95619.06,1082.17947,95609.498094,95628.621906,1.0,1.0
2025-11-17T14:30:00,BTCUSDT,95656.21,907.38215,95646.644379,95665.77562100001,1.0,1.0
2025-11-17T15:30:00,BTCUSDT,95651.7,499.57874,95642.13483,95661.26517,1.0,1.0
2025-11-17T16:30:00,BTCUSDT,95565.38,926.51906,95555.823462,95574.93653800001,1.0,1.0
2025-11-17T17:30:00,BTCUSDT,95312.23,545.81467,95302.698777,95321.761223,1.0,1.0
2025-11-17T18:30:00,BTCUSDT,93959.79,2495.70008,93950.394021,93969.18597899999,1.0,1.0
2025-11-17T19:30:00,BTCUSDT,94769.32,3177.03036,94759.843068,94778.79693200001,1.0,1.0
2025-11-17T20:30:00,BTCUSDT,93959.67,1867.09141,93950.274033,93969.065967,1.0,1.0
2025-11-17T21:30:00,BTCUSDT,94306.0,2847.04335,94296.56940000001,94315.43059999999,1.0,1.0
2025-11-17T22:30:00,BTCUSDT,92767.49,2184.47626,92758.21325100001,92776.766749,1.0,1.0
2025-11-17T23:30:00,BTCUSDT,92549.01,2978.32313,92539.755099,92558.26490099999,1.0,1.0
2025-11-18T00:30:00,BTCUSDT,91678.93,3690.73308,91669.76210699999,91688.097893,1.0,1.0
2025-11-18T01:30:00,BTCUSDT,91920.59,3249.24836,91911.397941,91929.78205899999,1.0,1.0
2025-11-18T02:30:00,BTCUSDT,91959.71,1866.2053,91950.51402900001,91968.905971,1.0,1.0
2025-11-18T03:30:00,BTCUSDT,92247.63,1469.82034,92238.405237,92256.85476300001,1.0,1.0
2025-11-18T04:30:00,BTCUSDT,92215.14,1467.06849,92205.918486,92224.361514,1.0,1.0
2025-11-18T05:30:00,BTCUSDT,92169.86,1831.22552,92160.643014,92179.076986,1.0,1.0
2025-11-18T06:30:00,BTCUSDT,91714.29,1663.24084,91705.118571,91723.46142899999,1.0,1.0
2025-11-18T07:30:00,BTCUSDT,90866.01,2546.69077,90856.92339899999,90875.096601,1.0,1.0
2025-11-18T08:30:00,BTCUSDT,90842.72,4606.07848,90833.63572800001,90851.804272,1.0,1.0
2025-11-18T09:30:00,BTCUSDT,90081.9,3350.00605,90072.89181,90090.90818999999,1.0,1.0
2025-11-18T10:30:00,BTCUSDT,90221.33,1575.65404,90212.307867,90230.35213300001,1.0,1.0
2025-11-18T11:30:00,BTCUSDT,89651.3,1335.95745,89642.33487,89660.26513,1.0,1.0
2025-11-18T12:30:00,BTCUSDT,90512.1,2766.44981,90503.04879,90521.15121000001,1.0,1.0
2025-11-18T13:30:00,BTCUSDT,91220.0,2225.79136,91210.878,91229.122,1.0,1.0
2025-11-18T14:30:00,BTCUSDT,91400.01,1441.96417,91390.869999,91409.15000099999,1.0,1.0
2025-11-18T15:30:00,BTCUSDT,91585.02,1087.06008,91575.861498,91594.17850200001,1.0,1.0
2025-11-18T16:30:00,BTCUSDT,91517.82,1022.64847,91508.668218,91526.97178200001,1.0,1.0
2025-11-18T17:30:00,BTCUSDT,91518.54,906.99249,91509.388146,91527.69185399999,1.0,1.0
2025-11-18T18:30:00,BTCUSDT,91476.56,1036.51569,91467.412344,91485.707656,1.0,1.0
2025-11-18T19:30:00,BTCUSDT,91359.29,2351.78391,91350.154071,91368.42592899999,1.0,1.0
2025-11-18T20:30:00,BTCUSDT,92910.1,2802.22354,92900.80899,92919.39101,1.0,1.0
2025-11-18T21:30:00,BTCUSDT,93499.16,2533.3128,93489.81008400001,93508.509916,1.0,1.0
2025-11-18T22:30:00,BTCUSDT,93256.92,1189.79384,93247.594308,93266.245692,1.0,1.0
2025-11-18T23:30:00,BTCUSDT,93331.08,692.11551,93321.746892,93340.41310800001,1.0,1.0
2025-11-19T00:30:00,BTCUSDT,93195.61,502.14706,93186.290439,93204.929561,1.0,1.0
2025-11-19T01:30:00,BTCUSDT,92783.36,539.0094,92774.081664,92792.638336,1.0,1.0
2025-11-19T02:30:00,BTCUSDT,92491.59,542.2085,92482.340841,92500.839159,1.0,1.0
2025-11-19T03:30:00,BTCUSDT,93160.0,439.15612,93150.684,93169.316,1.0,1.0
2025-11-19T04:30:00,BTCUSDT,92960.83,847.12179,92951.53391700001,92970.126083,1.0,1.0
2025-11-19T05:30:00,BTCUSDT,92416.51,875.05841,92407.26834899999,92425.751651,1.0,1.0
2025-11-19T06:30:00,BTCUSDT,92439.99,856.50507,92430.746001,92449.233999,1.0,1.0
2025-11-19T07:30:00,BTCUSDT,92569.12,531.4235,92559.863088,92578.37691199999,1.0,1.0
2025-11-19T08:30:00,BTCUSDT,91874.52,802.16678,91865.332548,91883.707452,1.0,1.0
2025-11-19T09:30:00,BTCUSDT,91163.2,1152.46121,91154.08368,91172.31632,1.0,1.0
2025-11-19T10:30:00,BTCUSDT,90459.99,1783.40843,90450.94400100001,90469.035999,1.0,1.0
2025-11-19T11:30:00,BTCUSDT,90990.87,1223.51965,90981.770913,90999.96908699999,1.0,1.0
2025-11-19T12:30:00,BTCUSDT,91863.64,1475.85023,91854.453636,91872.826364,1.0,1.0
2025-11-19T13:30:00,BTCUSDT,91470.44,803.83092,91461.292956,91479.587044,1.0,1.0
2025-11-19T14:30:00,BTCUSDT,91513.72,740.22178,91504.56862800001,91522.871372,1.0,1.0
2025-11-19T15:30:00,BTCUSDT,91314.75,580.50005,91305.618525,91323.881475,1.0,1.0
2025-11-19T16:30:00,BTCUSDT,91410.22,416.30964,91401.078978,91419.361022,1.0,1.0
2025-11-19T17:30:00,BTCUSDT,91780.0,604.31025,91770.822,91789.178,1.0,1.0
2025-11-19T18:30:00,BTCUSDT,91405.02,728.0749,91395.87949800001,91414.160502,1.0,1.0
2025-11-19T19:30:00,BTCUSDT,91713.44,1389.38336,91704.268656,91722.611344,1.0,1.0
2025-11-19T20:30:00,BTCUSDT,89951.7,3292.32346,89942.70483,89960.69516999999,1.0,1.0
2025-11-19T21:30:00,BTCUSDT,89905.78,2417.11812,89896.789422,89914.770578,1.0,1.0
2025-11-19T22:30:00,BTCUSDT,89500.01,2649.49867,89491.05999899999,89508.960001,1.0,1.0
2025-11-19T23:30:00,BTCUSDT,89237.83,2216.17894,89228.906217,89246.75378300001,1.0,1.0
2025-11-20T00:30:00,BTCUSDT,88884.56,1504.39912,88875.671544,88893.448456,1.0,1.0
2025-11-20T01:30:00,BTCUSDT,89516.91,1421.78591,89507.95830900001,89525.861691,1.0,1.0
2025-11-20T02:30:00,BTCUSDT,90600.68,2890.29056,90591.61993199999,90609.740068,1.0,1.0
2025-11-20T03:30:00,BTCUSDT,90480.56,768.25681,90471.511944,90489.608056,1.0,1.0
2025-11-20T04:30:00,BTCUSDT,91554.96,1163.76183,91545.80450400001,91564.115496,1.0,1.0
2025-11-20T05:30:00,BTCUSDT,91891.32,1045.70121,91882.13086800001,91900.509132,1.0,1.0
2025-11-20T06:30:00,BTCUSDT,92590.13,1058.92103,92580.870987,92599.389013,1.0,1.0
2025-11-20T07:30:00,BTCUSDT,92592.84,904.85403,92583.580716,92602.099284,1.0,1.0
2025-11-20T08:30:00,BTCUSDT,92440.32,919.58347,92431.075968,92449.56403200001,1.0,1.0
2025-11-20T09:30:00,BTCUSDT,92962.83,931.12356,92953.533717,92972.126283,1.0,1.0
2025-11-20T10:30:00,BTCUSDT,92616.2,878.19369,92606.93837999999,92625.46162,1.0,1.0
2025-11-20T11:30:00,BTCUSDT,91974.7,1324.95908,91965.50253,91983.89747,1.0,1.0
2025-11-20T12:30:00,BTCUSDT,92320.18,657.61367,92310.947982,92329.41201799999,1.0,1.0
2025-11-20T13:30:00,BTCUSDT,92128.22,621.86424,92119.007178,92137.432822,1.0,1.0
2025-11-20T14:30:00,BTCUSDT,91950.0,1187.17976,91940.80500000001,91959.19499999999,1.0,1.0
2025-11-20T15:30:00,BTCUSDT,91801.39,918.81997,91792.209861,91810.570139,1.0,1.0
2025-11-20T16:30:00,BTCUSDT,91934.0,472.97339,91924.8066,91943.1934,1.0,1.0
2025-11-20T17:30:00,BTCUSDT,91839.25,443.03933,91830.066075,91848.433925,1.0,1.0
2025-11-20T18:30:00,BTCUSDT,91529.36,1535.257,91520.207064,91538.512936,1.0,1.0
2025-11-20T19:30:00,BTCUSDT,91103.19,2227.67187,91094.079681,91112.300319,1.0,1.0
2025-11-20T20:30:00,BTCUSDT,89869.88,1956.88604,89860.893012,89878.86698800001,1.0,1.0
2025-11-20T21:30:00,BTCUSDT,87878.1,5918.46185,87869.31219000001,87886.88781,1.0,1.0
2025-11-20T22:30:00,BTCUSDT,87233.81,5848.39149,87225.086619,87242.533381,1.0,1.0
2025-11-20T23:30:00,BTCUSDT,86558.56,3071.94685,86549.904144,86567.215856,1.0,1.0
